{
  "id": "2367974",
  "name": "geek",
  "font_family": "iconfont",
  "css_prefix_text": "icon-",
  "description": "",
  "glyphs": [
    {
      "icon_id": "5634733",
      "name": "js",
      "font_class": "js",
      "unicode": "f1db",
      "unicode_decimal": 61915
    },
    {
      "icon_id": "12600749",
      "name": "java",
      "font_class": "java",
      "unicode": "e639",
      "unicode_decimal": 58937
    },
    {
      "icon_id": "13304033",
      "name": "python",
      "font_class": "python",
      "unicode": "e690",
      "unicode_decimal": 59024
    },
    {
      "icon_id": "781679",
      "name": "摄氏度-01",
      "font_class": "sheshidu01",
      "unicode": "e6ce",
      "unicode_decimal": 59086
    },
    {
      "icon_id": "1186832",
      "name": "暂停",
      "font_class": "zanting",
      "unicode": "e67d",
      "unicode_decimal": 59005
    },
    {
      "icon_id": "8341781",
      "name": "播放",
      "font_class": "bofang",
      "unicode": "e63a",
      "unicode_decimal": 58938
    }
  ]
}
